year,class_code,class_name,pixel_count,area_km2,percentage
2018,0,Built-up,2146258,214.6258,31.237072230175283
2018,1,Vegetation,918722,91.8722,13.371265464567214
2018,2,Bare land,1997357,199.7357,29.06993701523592
2018,3,Water,41755,4.1755,0.6077106997252749
2018,4,Cropland,1766776,176.6776,25.71401459029631
2020,0,Built-up,2296234,229.6234,32.76019300293043
2020,1,Vegetation,921326,92.13260000000001,13.144486833057032
2020,2,Bare land,2098408,209.8408,29.937824750828195
2020,3,Water,28260,2.826,0.4031832357951384
2020,4,Cropland,1664992,166.4992,23.75431217738921
2022,0,Built-up,2294069,229.4069,33.068299985902435
2022,1,Vegetation,668967,66.89670000000001,9.642953824261253
2022,2,Bare land,2215994,221.5994,31.942872842516884
2022,3,Water,33483,3.3483,0.4826471603199255
2022,4,Cropland,1724853,172.4853,24.863226186999505
2024,0,Built-up,2704929,270.4929,38.480308021256484
2024,1,Vegetation,538738,53.8738,7.664084411367424
2024,2,Bare land,2126180,212.61800000000002,30.247027300396834
2024,3,Water,28075,2.8075,0.3993948261476644
2024,4,Cropland,1631463,163.1463,23.209185440831597
