from_class,from_class_name,to_class,to_class_name,pixel_count,area_km2,source_class_area_km2,percent_of_source_class
0,Built-up,0,Built-up,1318711,131.8711,214.5295,61.46991439405769
0,Built-up,1,Vegetation,33112,3.3112000000000004,214.5295,1.5434707114872315
0,Built-up,2,Bare land,545596,54.5596,214.5295,25.43221328535236
0,Built-up,3,Water,3403,0.3403,214.5295,0.1586262029231411
0,Built-up,4,Cropland,244473,24.447300000000002,214.5295,11.39577540617957
1,Vegetation,0,Built-up,130468,13.046800000000001,91.8596,14.202979329324316
1,Vegetation,1,Vegetation,300851,30.0851,91.8596,32.75117679589286
1,Vegetation,2,Bare land,150314,15.031400000000001,91.8596,16.363450308949744
1,Vegetation,3,Water,1531,0.1531,91.8596,0.16666739241189818
1,Vegetation,4,Cropland,335432,33.5432,91.8596,36.51572617342118
2,Bare land,0,Built-up,727855,72.7855,199.6541,36.455800306630316
2,Bare land,1,Vegetation,32777,3.2777000000000003,199.6541,1.641689301647199
2,Bare land,2,Bare land,972418,97.2418,199.6541,48.70513553190243
2,Bare land,3,Water,1362,0.13620000000000002,199.6541,0.06821798300160127
2,Bare land,4,Cropland,262129,26.2129,199.6541,13.129156876818456
3,Water,0,Built-up,12780,1.278,4.1747000000000005,30.612978178072677
3,Water,1,Vegetation,2811,0.2811,4.1747000000000005,6.7334179701535435
3,Water,2,Bare land,2709,0.27090000000000003,4.1747000000000005,6.4890890363379405
3,Water,3,Water,18917,1.8917000000000002,4.1747000000000005,45.31343569597816
3,Water,4,Cropland,4530,0.453,4.1747000000000005,10.851079119457685
4,Cropland,0,Built-up,455670,45.567,176.6189,25.799617141766824
4,Cropland,1,Vegetation,159782,15.978200000000001,176.6189,9.046710176543959
4,Cropland,2,Bare land,397242,39.7242,176.6189,22.49147741266648
4,Cropland,3,Water,2852,0.2852,176.6189,0.1614776221570851
4,Cropland,4,Cropland,750643,75.0643,176.6189,42.50071764686565
